Time,A,B
0,0.0,0.0
1,0.099932,0.013181
2,0.199023,0.046643000000000004
3,0.295526,0.093275
4,0.387233,0.14781
5,0.47193500000000005,0.20615999999999998
6,0.5477890000000001,0.265083
7,0.613554,0.322023
8,0.668702,0.375056
9,0.713393,0.42285200000000006
10,0.748359,0.464639
